episode,reward,avg10,eval_reward,best_eval,critic_loss,actor_loss,steps,replay_size,grad_cosine,tick_vs_direct_mse
1,3.0,3.0,,,0.0,0.0,4,4,,
2,10.0,6.5,,,0.0,0.0,15,15,,
3,3.0,5.333333333333333,,,0.0,0.0,19,19,,
4,6.0,5.5,,,0.0,0.0,26,26,,
5,3.0,5.0,,,0.0,0.0,30,30,,
6,3.0,4.666666666666667,,,0.0,0.0,34,34,,
7,5.0,4.714285714285714,,,0.0,0.0,40,40,,
8,5.0,4.75,,,0.0,0.0,46,46,,
9,4.0,4.666666666666667,,,0.0,0.0,51,51,,
10,4.0,4.6,,,0.0,0.0,56,56,,
11,3.0,4.6,,,0.0,0.0,60,60,,
12,11.0,4.7,,,0.0,0.0,72,72,,
13,3.0,4.7,,,0.0,0.0,76,76,,
14,2.0,4.3,,,0.0,0.0,79,79,,
15,2.0,4.2,,,0.0,0.0,82,82,,
16,16.0,5.5,,,0.0,0.0,99,99,,
17,7.0,5.7,,,0.0,0.0,107,107,,
18,5.0,5.7,,,0.0,0.0,113,113,,
19,5.0,5.8,,,0.0,0.0,119,119,,
20,6.0,6.0,,,0.0,0.0,126,126,,
21,2.0,5.9,,,0.0,0.0,129,129,,
22,6.0,5.4,,,0.0,0.0,136,136,,
23,2.0,5.3,,,0.0,0.0,139,139,,
24,2.0,5.3,,,0.0,0.0,142,142,,
25,4.0,5.5,,,0.0,0.0,147,147,,
26,5.0,4.4,,,0.0,0.0,153,153,,
27,3.0,4.0,,,0.0,0.0,157,157,,
28,3.0,3.8,,,0.0,0.0,161,161,,
29,2.0,3.5,,,0.0,0.0,164,164,,
30,5.0,3.4,,,0.0,0.0,170,170,,
31,7.0,3.9,,,0.0,0.0,178,178,,
32,4.0,3.7,,,0.0,0.0,183,183,,
33,5.0,4.0,,,0.0,0.0,189,189,,
34,3.0,4.1,,,0.0,0.0,193,193,,
35,4.0,4.1,,,0.0,0.0,198,198,,
36,2.0,3.8,,,0.0,0.0,201,201,,
37,9.0,4.4,,,0.0,0.0,211,211,,
38,3.0,4.4,,,0.0,0.0,215,215,,
39,5.0,4.7,,,0.0,0.0,221,221,,
40,5.0,4.7,,,0.0,0.0,227,227,,
41,3.0,4.3,,,0.0,0.0,231,231,,
42,2.0,4.1,,,0.0,0.0,234,234,,
43,2.0,3.8,,,0.0,0.0,237,237,,
44,8.0,4.3,,,0.0,0.0,246,246,,
45,7.0,4.6,,,0.0,0.0,254,254,,
46,3.0,4.7,,,0.0,0.0,258,258,,
47,4.0,4.2,,,0.0,0.0,263,263,,
48,2.0,4.1,,,0.0,0.0,266,266,,
49,4.0,4.0,,,0.0,0.0,271,271,,
50,6.0,4.1,,,0.0,0.0,278,278,,
51,2.0,4.0,,,0.0,0.0,281,281,,
52,3.0,4.1,,,0.0,0.0,285,285,,
53,2.0,4.1,,,0.0,0.0,288,288,,
54,4.0,3.7,,,0.0,0.0,293,293,,
55,3.0,3.3,,,0.0,0.0,297,297,,
56,2.0,3.2,,,0.0,0.0,300,300,,
57,5.0,3.3,,,0.0,0.0,306,306,,
58,3.0,3.4,,,0.0,0.0,310,310,,
59,7.0,3.7,,,0.0,0.0,318,318,,
60,6.0,3.7,,,0.0,0.0,325,325,,
61,2.0,3.7,,,0.0,0.0,328,328,,
62,2.0,3.6,,,0.0,0.0,331,331,,
63,10.0,4.4,,,0.0,0.0,342,342,,
64,5.0,4.5,,,0.0,0.0,348,348,,
65,3.0,4.5,,,0.0,0.0,352,352,,
66,2.0,4.5,,,0.0,0.0,355,355,,
67,6.0,4.6,,,0.0,0.0,362,362,,
68,10.0,5.3,,,0.0,0.0,373,373,,
69,3.0,4.9,,,0.0,0.0,377,377,,
70,8.0,5.1,,,0.0,0.0,386,386,,
71,2.0,5.1,,,0.0,0.0,389,389,,
72,3.0,5.2,,,0.0,0.0,393,393,,
73,17.0,5.9,,,0.0,0.0,411,411,,
74,3.0,5.7,,,0.0,0.0,415,415,,
75,3.0,5.7,,,0.0,0.0,419,419,,
76,5.0,6.0,,,0.0,0.0,425,425,,
77,3.0,5.7,,,0.0,0.0,429,429,,
78,14.0,6.1,,,0.0,0.0,444,444,,
79,9.0,6.7,,,0.0,0.0,454,454,,
80,7.0,6.6,,,0.0,0.0,462,462,,
81,6.0,7.0,,,0.0,0.0,469,469,,
82,9.0,7.6,,,0.0,0.0,479,479,,
83,2.0,6.1,,,0.0,0.0,482,482,,
84,5.0,6.3,,,0.0,0.0,488,488,,
85,2.0,6.2,,,0.0,0.0,491,491,,
86,13.0,7.0,,,0.0,0.0,505,505,,
87,5.0,7.2,,,0.0,0.0,511,511,,
88,11.0,6.9,,,0.0,0.0,523,523,,
89,9.0,6.9,,,0.0,0.0,533,533,,
90,8.0,7.0,,,0.0,0.0,542,542,,
91,3.0,6.7,,,0.0,0.0,546,546,,
92,3.0,6.1,,,0.0,0.0,550,550,,
93,4.0,6.3,,,0.0,0.0,555,555,,
94,4.0,6.2,,,0.0,0.0,560,560,,
95,3.0,6.3,,,0.0,0.0,564,564,,
96,6.0,5.6,,,0.0,0.0,571,571,,
97,6.0,5.7,,,0.0,0.0,578,578,,
98,4.0,5.0,,,0.0,0.0,583,583,,
99,7.0,4.8,,,0.0,0.0,591,591,,
100,3.0,4.3,,,0.0,0.0,595,595,,
101,10.0,5.0,,,0.0,0.0,606,606,,
102,7.0,5.4,,,0.0,0.0,614,614,,
103,3.0,5.3,,,0.0,0.0,618,618,,
104,4.0,5.3,,,0.0,0.0,623,623,,
105,5.0,5.5,,,0.0,0.0,629,629,,
106,3.0,5.2,,,0.0,0.0,633,633,,
107,9.0,5.5,,,0.0,0.0,643,643,,
108,4.0,5.5,,,0.0,0.0,648,648,,
109,11.0,5.9,,,0.0,0.0,660,660,,
110,2.0,5.8,,,0.0,0.0,663,663,,
111,2.0,5.0,,,0.0,0.0,666,666,,
112,3.0,4.6,,,0.0,0.0,670,670,,
113,3.0,4.6,,,0.0,0.0,674,674,,
114,6.0,4.8,,,0.0,0.0,681,681,,
115,7.0,5.0,,,0.0,0.0,689,689,,
116,6.0,5.3,,,0.0,0.0,696,696,,
117,2.0,4.6,,,0.0,0.0,699,699,,
118,6.0,4.8,,,0.0,0.0,706,706,,
119,11.0,4.8,,,0.0,0.0,718,718,,
120,5.0,5.1,,,0.0,0.0,724,724,,
121,5.0,5.4,,,0.0,0.0,730,730,,
122,4.0,5.5,,,0.0,0.0,735,735,,
123,10.0,6.2,,,0.0,0.0,746,746,,
124,9.0,6.5,,,0.0,0.0,756,756,,
125,2.0,6.0,,,0.0,0.0,759,759,,
126,5.0,5.9,,,0.0,0.0,765,765,,
127,6.0,6.3,,,0.0,0.0,772,772,,
128,4.0,6.1,,,0.0,0.0,777,777,,
129,4.0,5.4,,,0.0,0.0,782,782,,
130,8.0,5.7,,,0.0,0.0,791,791,,
131,5.0,5.7,,,0.0,0.0,797,797,,
132,3.0,5.6,,,0.0,0.0,801,801,,
133,6.0,5.2,,,0.0,0.0,808,808,,
134,3.0,4.6,,,0.0,0.0,812,812,,
135,3.0,4.7,,,0.0,0.0,816,816,,
136,5.0,4.7,,,0.0,0.0,822,822,,
137,3.0,4.4,,,0.0,0.0,826,826,,
138,2.0,4.2,,,0.0,0.0,829,829,,
139,6.0,4.4,,,0.0,0.0,836,836,,
140,3.0,3.9,,,0.0,0.0,840,840,,
141,2.0,3.6,,,0.0,0.0,843,843,,
142,4.0,3.7,,,0.0,0.0,848,848,,
143,8.0,3.9,,,0.0,0.0,857,857,,
144,2.0,3.8,,,0.0,0.0,860,860,,
145,7.0,4.2,,,0.0,0.0,868,868,,
146,2.0,3.9,,,0.0,0.0,871,871,,
147,2.0,3.8,,,0.0,0.0,874,874,,
148,4.0,4.0,,,0.0,0.0,879,879,,
149,2.0,3.6,,,0.0,0.0,882,882,,
150,2.0,3.5,,,0.0,0.0,885,885,,
151,2.0,3.5,,,0.0,0.0,888,888,,
152,5.0,3.6,,,0.0,0.0,894,894,,
153,7.0,3.5,,,0.0,0.0,902,902,,
154,2.0,3.5,,,0.0,0.0,905,905,,
155,4.0,3.2,,,0.0,0.0,910,910,,
156,2.0,3.2,,,0.0,0.0,913,913,,
157,3.0,3.3,,,0.0,0.0,917,917,,
158,3.0,3.2,,,0.0,0.0,921,921,,
159,3.0,3.3,,,0.0,0.0,925,925,,
160,7.0,3.8,,,0.0,0.0,933,933,,
161,3.0,3.9,,,0.0,0.0,937,937,,
162,4.0,3.8,,,0.0,0.0,942,942,,
163,2.0,3.3,,,0.0,0.0,945,945,,
164,11.0,4.2,,,0.0,0.0,957,957,,
165,4.0,4.2,,,0.0,0.0,962,962,,
166,2.0,4.2,,,0.0,0.0,965,965,,
167,13.0,5.2,,,0.0,0.0,979,979,,
168,5.0,5.4,,,0.0,0.0,985,985,,
169,4.0,5.5,,,0.0,0.0,990,990,,
170,5.0,5.3,,,0.0,0.0,996,996,,
171,5.0,5.5,,,1.6714255611101787,-0.0067560384050011635,1002,1002,,
172,15.0,6.6,,,1.4503046534955502,-0.05211076280102134,1018,1018,,
173,20.0,8.4,,,0.8845083330358777,-0.2811224094846032,1039,1039,,
174,13.0,8.6,,,0.6531150213309697,-0.43385027987616404,1053,1053,,
175,11.0,9.3,,,0.6069812675317129,-0.3816509892543157,1065,1065,,
176,9.0,10.0,,,0.5706940114498138,-0.3959601819515228,1075,1075,,
177,10.0,9.7,,,0.5674585402011871,-0.46021717190742495,1086,1086,,
178,11.0,10.3,,,0.5315609127283096,-0.5234504143397013,1098,1098,,
179,9.0,10.8,,,0.47854005396366117,-0.599951195716858,1108,1108,,
180,9.0,11.2,,,0.44703252911567687,-0.6939797759056091,1118,1118,,
181,10.0,11.7,,,0.3963364471088756,-0.7836497326691946,1129,1129,,
182,9.0,11.1,,,0.3472070500254631,-0.8334050893783569,1139,1139,,
183,11.0,10.2,,,0.2963177828739087,-0.9379975199699402,1151,1151,,
184,9.0,9.8,,,0.2674143522977829,-0.9798689484596252,1161,1161,,
185,7.0,9.4,,,0.22567446622997522,-1.0113983452320099,1169,1169,,
186,6.0,9.1,,,0.22575430891343526,-1.0231308539708455,1176,1176,,
187,6.0,8.7,,,0.20079160801001958,-1.0313148200511932,1183,1183,,
188,6.0,8.2,,,0.18606321407215937,-1.029427170753479,1190,1190,,
189,6.0,7.9,,,0.1924004586679595,-1.001249834895134,1197,1197,,
190,6.0,7.6,,,0.2159530052116939,-1.0140258471171062,1204,1204,,
191,6.0,7.2,,,0.18036298347370966,-1.0308017432689667,1211,1211,,
192,6.0,6.9,,,0.1857324998293604,-1.0315991640090942,1218,1218,,
193,6.0,6.4,,,0.2042537054845265,-1.0104286670684814,1225,1225,,
194,6.0,6.1,,,0.19382600486278534,-1.015255371729533,1232,1232,,
195,7.0,6.1,,,0.17663444858044386,-1.0319557785987854,1240,1240,,
196,6.0,6.1,,,0.19032951231513703,-1.0229509472846985,1247,1247,,
197,5.0,6.0,,,0.18997999901572862,-1.028384844462077,1253,1253,,
198,6.0,6.0,,,0.17982271313667297,-1.0297493139902751,1260,1260,,
199,7.0,6.1,,,0.20848015509545803,-1.0484223663806915,1268,1268,,
200,6.0,6.1,,,0.1953585222363472,-1.0256689488887787,1275,1275,,
201,6.0,6.1,,,0.19486618893487112,-1.0743945042292278,1282,1282,,
202,5.0,6.0,,,0.21607940519849458,-1.0148324569066365,1288,1288,,
203,7.0,6.1,,,0.2105438495054841,-1.0564926862716675,1296,1296,,
204,8.0,6.3,,,0.20548141996065775,-1.057315993309021,1305,1305,,
205,8.0,6.4,,,0.20081260552008948,-1.0880632400512695,1314,1314,,
206,8.0,6.6,,,0.20258571952581406,-1.0753334045410157,1323,1323,,
207,8.0,6.9,,,0.19989405903551313,-1.107404738664627,1332,1332,,
208,8.0,7.1,,,0.21305547654628754,-1.0906421661376953,1341,1341,,
209,10.0,7.4,,,0.22182133387435565,-1.1449426651000976,1352,1352,,
210,16.0,8.4,,,0.21257759192410638,-1.1657332446840074,1369,1369,,
211,10.0,8.8,,,0.22106597233902325,-1.1807762384414673,1380,1380,,
212,8.0,9.1,,,0.2018439620733261,-1.2074346542358398,1389,1389,,
213,16.0,10.0,,,0.2238878756761551,-1.2115676999092102,1406,1406,,
214,11.0,10.3,,,0.2217684437831243,-1.2711442708969116,1418,1418,,
215,10.0,10.5,,,0.23231307823549618,-1.259847084681193,1429,1429,,
216,21.0,11.8,,,0.23409335247494958,-1.2873776717619463,1451,1451,,
217,18.0,12.8,,,0.22082132963757767,-1.3354765044318304,1470,1470,,
218,9.0,12.9,,,0.23900664001703262,-1.3402571439743043,1480,1480,,
219,11.0,13.0,,,0.24224867299199104,-1.3770452340443928,1492,1492,,
220,10.0,12.4,,,0.25421886349266226,-1.3685989379882812,1503,1503,,
221,22.0,13.6,,,0.23809106842331265,-1.4242367961189963,1526,1526,,
222,10.0,13.8,,,0.24553991583260623,-1.4433581233024597,1537,1537,,
223,11.0,13.3,,,0.2429486128191153,-1.4803012410799663,1549,1549,,
224,17.0,13.9,,,0.2404501943124665,-1.5085048145718045,1567,1567,,
225,13.0,14.2,,,0.24548216749514853,-1.533620068005153,1581,1581,,
226,30.0,15.1,,,0.260760307552353,-1.560179050763448,1612,1612,,
227,28.0,16.1,,,0.2577889759478898,-1.630855949719747,1641,1641,,
228,49.0,20.1,,,0.2739229442179203,-1.7353127384185791,1691,1691,,
229,60.0,25.0,,,0.27675021403148525,-1.8521477023760478,1752,1752,,
230,56.0,29.6,,,0.28221036519920617,-1.9878938115876297,1809,1809,,
231,80.0,35.4,,,0.2946937786944119,-2.119621402025223,1890,1890,,
232,55.0,39.9,,,0.289513860030898,-2.2604600361415317,1946,1946,,
233,52.0,44.0,,,0.31840446788185045,-2.381999369020815,1999,1999,,
234,52.0,47.5,,,0.32641203729611523,-2.4988063207039466,2052,2052,,
235,58.0,52.0,,,0.33929767459630966,-2.627473990122477,2111,2111,,
236,139.0,62.9,,,0.34780088301215856,-2.8652978692735944,2251,2251,,
237,54.0,65.5,,,0.3604279675266959,-3.0945798997525817,2306,2306,,
238,54.0,66.0,,,0.3905579832467166,-3.2272865176200867,2361,2361,,
239,55.0,65.5,,,0.360635370016098,-3.371499844959804,2417,2417,,
240,58.0,65.7,,,0.3928278933389712,-3.502905878527411,2476,2476,,
241,55.0,63.2,,,0.3784607042159353,-3.6377740246909007,2532,2532,,
242,49.0,62.6,,,0.39664834558963774,-3.764114332199097,2582,2582,,
243,45.0,61.9,,,0.4313847184505152,-3.8722789702208145,2628,2628,,
244,52.0,61.9,,,0.39440470540298606,-3.980483311193961,2681,2681,,
245,47.0,60.8,,,0.4175044788668553,-4.113752722740173,2729,2729,,
246,43.0,51.2,,,0.40092467618259514,-4.216264681382612,2773,2773,,
247,52.0,51.0,,,0.3994505006187367,-4.339513797026414,2826,2826,,
248,41.0,49.7,,,0.45151318219446,-4.418427149454753,2868,2868,,
249,56.0,49.8,,,0.42180755342307846,-4.571337847874083,2925,2925,,
250,43.0,48.3,,,0.4086799316785552,-4.670940962704745,2969,2969,,
251,63.0,49.1,,,0.41784790251404047,-4.784164115786552,3033,3033,,
252,53.0,49.5,,,0.4360236968431208,-4.926821178860134,3087,3087,,
253,69.0,51.9,,,0.4146792654480253,-5.079464748927525,3157,3157,,
254,51.0,51.8,,,0.4106372563311687,-5.202718166204599,3209,3209,,
255,62.0,53.3,,,0.43037447664472794,-5.319711546744069,3272,3272,,
256,62.0,55.2,,,0.43286090285059003,-5.4886612594127655,3335,3335,,
257,64.0,56.4,,,0.4009461446450307,-5.618179351091385,3400,3400,,
258,71.0,59.4,,,0.402910234613551,-5.766343381669786,3472,3472,,
259,61.0,59.9,,,0.38558077139239155,-5.916841599249071,3534,3534,,
260,49.0,60.5,,,0.43402646005153656,-6.035912246704101,3584,3584,,
261,71.0,61.3,,,0.4360627889012297,-6.18383080429501,3656,3656,,
262,62.0,62.2,,,0.43065036419365144,-6.302300721406937,3719,3719,,
263,63.0,61.6,,,0.4740869808010757,-6.473834753036499,3783,3783,,
264,72.0,63.7,,,0.47480522626883365,-6.598012910948859,3856,3856,,
265,87.0,66.2,,,0.4583528959615664,-6.752706982872703,3944,3944,,
266,103.0,70.3,,,0.4531593301261847,-6.9449568803493795,4048,4048,,
267,86.0,72.5,,,0.4415411516681485,-7.134047464890913,4135,4135,,
268,66.0,72.0,,,0.4457731421536474,-7.339117960496382,4202,4202,,
269,60.0,71.9,,,0.43539719882070044,-7.48681576021256,4263,4263,,
270,57.0,72.7,,,0.4453144497398672,-7.583448804658035,4321,4321,,
271,49.0,70.5,,,0.45314478561282157,-7.697322044372559,4371,4371,,
272,50.0,69.3,,,0.48500308832701516,-7.803858165740967,4422,4422,,
273,57.0,68.7,,,0.4769142816035912,-7.919085667051118,4480,4480,,
274,51.0,66.6,,,0.5072728927032306,-8.069965545947735,4532,4532,,
275,55.0,63.4,,,0.42518840198005947,-8.137704014778137,4588,4588,,
276,53.0,58.4,,,0.4818470119326203,-8.284140798780653,4642,4642,,
277,52.0,55.0,,,0.4491752439512397,-8.375748281125668,4695,4695,,
278,54.0,53.8,,,0.43374977491118694,-8.474519376401547,4750,4750,,
279,49.0,52.7,,,0.4546960973739624,-8.592975006103515,4800,4800,,
280,50.0,52.0,,,0.4835991809765498,-8.703269628378061,4851,4851,,
281,49.0,52.0,,,0.41958024486899376,-8.832684516906738,4901,4901,,
282,48.0,51.8,,,0.4041147609146274,-8.854543447494507,4950,4950,,
283,52.0,51.3,50.8,50.8,0.43698430722052195,-9.038111050923666,5003,5003,,
284,52.0,51.4,,50.8,0.43967321866525794,-9.100667329934927,5056,5056,,
285,49.0,50.8,,50.8,0.4029254087805748,-9.209038848876952,5106,5106,,
286,50.0,50.5,,50.8,0.45181792463157694,-9.296583138979399,5157,5157,,
287,47.0,50.0,,50.8,0.45739870782320696,-9.378520647684732,5205,5205,,
288,52.0,49.8,,50.8,0.4928640789299641,-9.423289885887733,5258,5258,,
289,51.0,50.0,,50.8,0.4968355233566119,-9.579104496882511,5310,5310,,
290,46.0,49.6,,50.8,0.39536204839006384,-9.636486927668253,5357,5357,,
291,48.0,49.5,,50.8,0.459455457725087,-9.67118732134501,5406,5406,,
292,48.0,49.5,,50.8,0.41842592994169314,-9.829473304748536,5455,5455,,
293,49.0,49.2,,50.8,0.4111210510134697,-9.891052474975586,5505,5505,,
294,50.0,49.0,,50.8,0.4587325078307414,-10.001390037536622,5556,5556,,
295,52.0,49.3,,50.8,0.503325122285564,-10.083916522838452,5609,5609,,
296,53.0,49.6,,50.8,0.439093166479358,-10.228845843562373,5663,5663,,
297,53.0,50.2,,50.8,0.46217258067594635,-10.306719179506656,5717,5717,,
298,52.0,50.2,,50.8,0.4467690513240841,-10.411990275749794,5770,5770,,
299,54.0,50.5,,50.8,0.42909153456037696,-10.495685373033796,5825,5825,,
300,52.0,51.1,,50.8,0.4702637140762131,-10.535925131577711,5878,5878,,
301,53.0,51.6,,50.8,0.4824619527768206,-10.59013193624991,5932,5932,,
302,58.0,52.6,,50.8,0.4175964323645931,-10.758949089050294,5991,5991,,
303,59.0,53.6,,50.8,0.5016815662384033,-10.833633422851562,6051,6051,,
304,59.0,54.5,,50.8,0.4307920583834251,-10.93869956334432,6111,6111,,
305,60.0,55.3,,50.8,0.43985675617319636,-11.036314010620117,6172,6172,,
306,61.0,56.1,,50.8,0.49219015096464463,-11.117087948706843,6234,6234,,
307,68.0,57.6,,50.8,0.5231294178444407,-11.261173956734794,6303,6303,,
308,61.0,58.5,,50.8,0.40847177443004423,-11.340026178667623,6365,6365,,
309,65.0,59.6,,50.8,0.4697306629157428,-11.44149046233206,6431,6431,,
310,56.0,60.0,,50.8,0.3557629845382875,-11.582707439150129,6488,6488,,
311,69.0,61.6,,50.8,0.4701185209410531,-11.62737216949463,6558,6558,,
312,62.0,62.0,,50.8,0.4214194985845732,-11.754806339740753,6621,6621,,
313,71.0,63.2,,50.8,0.49025840244980323,-11.85378646850586,6693,6693,,
314,66.0,63.9,,50.8,0.5398309044539928,-12.003315116419937,6760,6760,,
315,93.0,67.2,,50.8,0.45055163766633954,-12.214464836932244,6854,6854,,
316,92.0,70.3,,50.8,0.4847693589906539,-12.303997892014523,6947,6947,,
317,79.0,71.4,,50.8,0.4840005156584084,-12.460661697387696,7027,7027,,
318,77.0,73.0,,50.8,0.514811584009574,-12.613383684402857,7105,7105,,
319,91.0,75.6,,50.8,0.4826350267166677,-12.690873311913531,7197,7197,,
320,83.0,78.3,,50.8,0.5040908113476776,-12.873950140816826,7281,7281,,
321,150.0,86.4,,50.8,0.4953066563566789,-13.114013608296712,7432,7432,,
322,98.0,90.0,,50.8,0.5519538738510825,-13.272935333251953,7531,7531,,
323,116.0,94.5,,50.8,0.5223517018633012,-13.439866542816162,7648,7648,,
324,81.0,96.0,,50.8,0.5585373545565256,-13.58907099467952,7730,7730,,
325,89.0,95.6,,50.8,0.6103819792469343,-13.768318536546495,7820,7820,,
326,73.0,93.7,,50.8,0.6055524234433431,-13.895937739191828,7894,7894,,
327,82.0,94.0,,50.8,0.5509631695697107,-13.950026898157029,7977,7977,,
328,68.0,93.1,,50.8,0.5981894561993903,-14.114003546097699,8046,8046,,
329,184.0,102.4,,50.8,0.5859964862264492,-14.314920558724353,8231,8231,,
330,152.0,109.3,,50.8,0.5696555070481659,-14.679450963672839,8384,8384,,
331,105.0,104.8,,50.8,0.6348664589788554,-14.8576194835159,8490,8490,,
332,67.0,101.7,,50.8,0.6603854300782961,-14.930250364191393,8558,8558,,
333,66.0,96.7,,50.8,0.6396337958858974,-15.130735453437357,8625,8625,,
334,64.0,95.0,,50.8,0.7368747249245644,-15.1999152302742,8690,8690,,
335,68.0,92.9,,50.8,0.7338278012863104,-15.262546266828265,8759,8759,,
336,53.0,90.9,,50.8,0.6781552021426184,-15.320980813768175,8813,8813,,
337,56.0,88.3,,50.8,0.6062827333807945,-15.394924879074097,8870,8870,,
338,53.0,86.8,,50.8,0.6364650142689546,-15.531028288382071,8924,8924,,
339,59.0,74.3,,50.8,0.6604210859785478,-15.567912006378174,8984,8984,,
340,55.0,64.6,,50.8,0.6825662376359105,-15.72494397844587,9040,9040,,
341,55.0,59.6,,50.8,0.6814027429957475,-15.777595588139125,9096,9096,,
342,55.0,58.4,,50.8,0.5854361057281494,-15.830372061048235,9152,9152,,
343,57.0,57.5,,50.8,0.7556375561860101,-15.985124489356732,9210,9210,,
344,65.0,57.6,,50.8,0.7454043530830832,-16.012799089605156,9276,9276,,
345,60.0,56.8,,50.8,0.6523541957139969,-16.122129747944495,9337,9337,,
346,56.0,57.1,,50.8,0.719682304482711,-16.23672536441258,9394,9394,,
347,58.0,57.3,,50.8,0.7915335726940026,-16.265502484639487,9453,9453,,
348,65.0,58.5,,50.8,0.6515869729672418,-16.335954463843144,9519,9519,,
349,60.0,58.6,,50.8,0.6835986144962858,-16.491933314005532,9580,9580,,
350,55.0,58.6,,50.8,0.7711598833224603,-16.509631531579153,9636,9636,,
351,58.0,58.9,,50.8,0.7514387801036997,-16.640801684061685,9695,9695,,
352,58.0,59.2,,50.8,0.6941282064732859,-16.702375083134093,9754,9754,,
353,58.0,59.3,,50.8,0.7757509459378356,-16.71549129486084,9813,9813,,
354,59.0,58.7,,50.8,0.8271930211534103,-16.744791920979818,9873,9873,,
355,57.0,58.4,,50.8,0.7456408649169165,-16.846061969625538,9931,9931,,
356,62.0,59.0,,50.8,0.7475483674142096,-16.9768190691548,9994,9994,,
357,57.0,58.9,58.0,58.0,0.7789915534185952,-17.00957824443949,10052,10052,,
358,58.0,58.2,,58.0,0.6751228443394273,-17.129201634724936,10111,10111,,
359,54.0,57.6,,58.0,0.5838997462933714,-17.174687632807977,10166,10166,,
360,55.0,57.6,,58.0,0.7686255136504769,-17.322865758623397,10222,10222,,
361,59.0,57.7,,58.0,0.7222443584352731,-17.375398254394533,10282,10282,,
362,57.0,57.6,,58.0,0.831324522993688,-17.427906036376953,10340,10340,,
363,54.0,57.2,,58.0,0.7294503948905251,-17.480897903442383,10395,10395,,
364,61.0,57.4,,58.0,0.8551479694583723,-17.507787396830896,10457,10457,,
365,59.0,57.6,,58.0,0.853806393345197,-17.728717422485353,10517,10517,,
366,59.0,57.3,,58.0,0.8749179443965356,-17.759193420410156,10577,10577,,
367,60.0,57.6,,58.0,0.8357256014571816,-17.770125007629396,10638,10638,,
368,64.0,58.2,,58.0,0.8010620050705396,-17.833899526885062,10703,10703,,
369,65.0,59.3,,58.0,0.6518306431896759,-17.90207053675796,10769,10769,,
370,63.0,60.1,,58.0,0.7260849541053176,-17.95196145772934,10833,10833,,
371,73.0,61.5,,58.0,0.8172060871446455,-18.032292030953073,10907,10907,,
372,80.0,63.8,,58.0,0.8608973168848474,-18.16881341934204,10988,10988,,
373,74.0,65.8,,58.0,0.6531984713673592,-18.321104852776777,11063,11063,,
374,80.0,67.7,,58.0,0.9488339265923441,-18.214558410644532,11144,11144,,
375,83.0,70.1,,58.0,0.7809981706419161,-18.3400175457909,11228,11228,,
376,90.0,73.2,,58.0,0.7039677327969572,-18.52546331156855,11319,11319,,
377,99.0,77.1,,58.0,0.9100463254749775,-18.63215019226074,11419,11419,,
378,107.0,81.4,,58.0,0.8678000744570185,-18.840929243299698,11527,11527,,
379,115.0,86.4,,58.0,0.8030951384069591,-18.95933986532277,11643,11643,,
380,126.0,92.7,,58.0,0.8050875744716389,-19.044207103668697,11770,11770,,
381,124.0,97.8,,58.0,0.8760530843138695,-19.309703948005797,11895,11895,,
382,125.0,102.3,,58.0,0.7578014234701792,-19.475922327193004,12021,12021,,
383,120.0,106.9,,58.0,0.8115917674519799,-19.63115498224894,12142,12142,,
384,108.0,109.7,,58.0,0.9146424655657296,-19.78751255382191,12251,12251,,
385,79.0,109.3,,58.0,0.8698836827650667,-19.80941424369812,12331,12331,,
386,127.0,113.0,,58.0,0.7825607102131471,-20.04804590344429,12459,12459,,
387,125.0,115.6,,58.0,0.8585389217450505,-20.2089715987917,12585,12585,,
388,66.0,111.5,,58.0,0.9672750683862772,-20.373196052782465,12652,12652,,
389,56.0,105.6,,58.0,0.7900594849335519,-20.34923586352118,12709,12709,,
390,58.0,98.8,,58.0,0.8878710857134754,-20.24215165499983,12768,12768,,
391,53.0,91.7,,58.0,0.7784387260951378,-20.575391698766637,12822,12822,,
392,56.0,84.8,,58.0,0.9065121174381491,-20.549218868387157,12879,12879,,
393,53.0,78.1,,58.0,0.8449287941610372,-20.56062458179615,12933,12933,,
394,56.0,72.9,,58.0,0.8901456965689074,-20.772971834455216,12990,12990,,
395,51.0,70.1,,58.0,1.0364252692804887,-20.57149292872502,13042,13042,,
396,55.0,62.9,,58.0,0.8020615580358675,-20.676360062190465,13098,13098,,
397,58.0,56.2,,58.0,0.942187665125071,-20.83612403869629,13157,13157,,
398,56.0,55.2,,58.0,0.894466462365368,-20.845485142299108,13214,13214,,
399,52.0,54.8,,58.0,0.8673746536644,-20.799499582361292,13267,13267,,
400,50.0,54.0,,58.0,0.79679469472053,-21.062724304199218,13318,13318,,
401,49.0,53.6,,58.0,0.9693342670798302,-20.977235107421876,13368,13368,,
402,55.0,53.5,,58.0,0.8977246037019151,-21.12522295543126,13424,13424,,
403,49.0,53.1,,58.0,0.9685089707374572,-21.11659782409668,13474,13474,,
404,50.0,52.5,,58.0,0.9352062126877261,-21.077688290522648,13525,13525,,
405,48.0,52.2,,58.0,0.8068590576247293,-21.227718273798626,13574,13574,,
406,49.0,51.6,,58.0,0.785267158895731,-21.319332427978516,13624,13624,,
407,58.0,51.6,,58.0,0.9180146301701918,-21.30905990600586,13683,13683,,
408,50.0,51.0,,58.0,0.8804770529854531,-21.14842384338379,13734,13734,,
409,51.0,50.9,,58.0,0.8343750668259767,-21.498603454002968,13786,13786,,
410,52.0,51.1,,58.0,0.9472892025731644,-21.394113964504665,13839,13839,,
411,53.0,51.5,,58.0,0.7528767718209161,-21.505609653614187,13893,13893,,
412,49.0,50.9,,58.0,0.736952071338892,-21.402537384033202,13943,13943,,
413,52.0,51.2,,58.0,0.9445631952499444,-21.546883289630596,13996,13996,,
414,50.0,51.2,,58.0,0.9608865503002616,-21.689026539142315,14047,14047,,
415,52.0,51.6,,58.0,0.942328689655043,-21.568963564359226,14100,14100,,
416,54.0,52.1,,58.0,0.7575043916702271,-21.77212381362915,14155,14155,,
417,51.0,51.4,,58.0,1.027068616822362,-21.681803996746357,14207,14207,,
418,51.0,51.5,,58.0,0.9821811785491613,-21.689070261441746,14259,14259,,
419,54.0,51.8,,58.0,0.8798756056211211,-21.827806684705948,14314,14314,,
420,53.0,51.9,,58.0,0.8630242847182132,-21.846318774753147,14368,14368,,
421,53.0,51.9,,58.0,0.959078840635441,-21.776663462320965,14422,14422,,
422,55.0,52.5,,58.0,0.9339775710499713,-21.868713515145437,14478,14478,,
423,53.0,52.6,,58.0,0.9209505907363362,-21.914316177368164,14532,14532,,
424,54.0,53.0,,58.0,0.9141578345136209,-22.11852366583688,14587,14587,,
425,54.0,53.2,,58.0,0.9361212674867023,-22.04213015238444,14642,14642,,
426,53.0,53.1,,58.0,0.8702237408746172,-22.142356589988427,14696,14696,,
427,52.0,53.2,,58.0,0.7432793263556823,-21.94166727419253,14749,14749,,
428,54.0,53.5,,58.0,0.9071431761438197,-22.273222040247035,14804,14804,,
429,55.0,53.6,,58.0,0.9560432223869222,-22.379810197012766,14860,14860,,
430,58.0,54.1,,58.0,0.736597557694225,-22.225676027933755,14919,14919,,
431,58.0,54.6,,58.0,0.6311851579506519,-22.21754948846225,14978,14978,,
432,54.0,54.5,53.0,58.0,0.8689245302568782,-22.209568909236364,15033,15033,,
433,54.0,54.6,,58.0,1.071363643895496,-22.518512584544993,15088,15088,,
434,57.0,54.9,,58.0,0.8781808639137909,-22.43572452150542,15146,15146,,
435,53.0,54.8,,58.0,0.8290712695430826,-22.363545382464373,15200,15200,,
436,55.0,55.0,,58.0,0.8933950240856835,-22.59755059650966,15256,15256,,
437,56.0,55.4,,58.0,0.8367514066528856,-22.670780708049907,15313,15313,,
438,52.0,55.2,,58.0,0.8537505574102672,-22.673448122464695,15366,15366,,
439,65.0,56.2,,58.0,0.9064893245019696,-22.971227934866242,15432,15432,,
440,64.0,56.8,,58.0,0.7823098461215313,-22.732368006850734,15497,15497,,
441,59.0,56.9,,58.0,0.7403266657143831,-22.90506502787272,15557,15557,,
442,56.0,57.1,,58.0,0.9508205658772535,-22.95544924054827,15614,15614,,
443,59.0,57.6,,58.0,0.7457636635750532,-22.81466967264811,15674,15674,,
444,63.0,58.2,,58.0,0.8980177255580202,-22.963503897190094,15738,15738,,
445,70.0,59.9,,58.0,1.1040851611276747,-22.994110107421875,15809,15809,,
446,67.0,61.1,,58.0,0.803332427954849,-23.096633294049433,15877,15877,,
447,66.0,62.1,,58.0,0.7355472368758116,-23.047429460467715,15944,15944,,
448,63.0,63.2,,58.0,0.8416050197556615,-23.243022739887238,16008,16008,,
449,71.0,63.8,,58.0,0.8754693843010399,-23.3904636171129,16080,16080,,
450,66.0,64.0,,58.0,1.000570775635207,-23.26848602294922,16147,16147,,
451,81.0,66.2,,58.0,0.8612482903025499,-23.409882196565952,16229,16229,,
452,61.0,66.7,,58.0,1.0124638712694567,-23.511654023201235,16291,16291,,
453,77.0,68.5,,58.0,0.8627737185511833,-23.64331103593875,16369,16369,,
454,69.0,69.1,,58.0,0.8398957048675844,-23.57034503391811,16439,16439,,
455,75.0,69.6,,58.0,0.9144635885757836,-23.77704263988294,16515,16515,,
456,66.0,69.5,,58.0,1.211320871403858,-23.75866444905599,16582,16582,,
457,94.0,72.3,,58.0,0.9179242510544626,-23.928014198939007,16677,16677,,
458,87.0,74.7,,58.0,0.8622379211962901,-23.855278101834383,16765,16765,,
459,110.0,78.6,,58.0,0.7871144279032141,-23.959564763849432,16876,16876,,
460,226.0,94.6,,58.0,0.888727239017182,-24.28701850824189,17103,17103,,
461,176.0,104.1,,58.0,0.8646986126310408,-24.411131251942027,17280,17280,,
462,174.0,115.4,,58.0,0.9450751640541213,-24.76349505511197,17455,17455,,
463,143.0,122.0,,58.0,0.9211484554689378,-24.941999117533367,17599,17599,,
464,153.0,130.4,,58.0,0.9241406416834949,-24.97894557110675,17753,17753,,
465,177.0,140.6,,58.0,0.9304525409354253,-25.245215705271516,17931,17931,,
466,158.0,149.8,,58.0,0.9333903158798158,-25.485270777835122,18090,18090,,
467,148.0,155.2,,58.0,0.8693436767230898,-25.65252092997233,18239,18239,,
468,173.0,163.8,,58.0,0.8472593285828486,-25.918439338947163,18413,18413,,
469,174.0,170.2,,58.0,0.823002196422645,-25.97088493697945,18588,18588,,
470,210.0,168.6,,58.0,0.8445944591156115,-26.35469985458086,18799,18799,,
471,128.0,163.8,,58.0,0.7200289704194365,-26.527641654014587,18928,18928,,
472,115.0,157.9,,58.0,0.950606071807701,-26.75155369988803,19044,19044,,
473,123.0,155.9,,58.0,0.8061126462754703,-26.79408904044859,19168,19168,,
474,138.0,154.4,,58.0,0.8687310358710426,-26.999154090881348,19307,19307,,
475,144.0,151.1,,58.0,0.9367015971705831,-27.16475444369846,19452,19452,,
476,140.0,149.3,,58.0,0.8071289340443645,-27.16857673752476,19593,19593,,
477,139.0,148.4,,58.0,1.0316292796283961,-27.25327374594552,19733,19733,,
478,137.0,144.8,,58.0,0.8010770101370155,-27.493834758150406,19871,19871,,
479,131.0,140.5,112.2,112.2,0.9225147678657915,-27.47395555900805,20003,20003,,
480,169.0,136.4,,112.2,1.0734450422665651,-27.629438400268555,20173,20173,,
481,208.0,144.4,,112.2,0.9531683720398748,-27.87278389930725,20382,20382,,
482,223.0,155.2,,112.2,0.9885322403029672,-27.98773261478969,20606,20606,,
483,180.0,160.9,,112.2,0.8884445624374553,-28.23830321594909,20787,20787,,
484,254.0,172.5,,112.2,0.9228958322721369,-28.285522881455307,21042,21042,,
485,269.0,185.0,,112.2,0.7948565133743816,-28.736370100798432,21312,21312,,
486,185.0,189.5,,112.2,1.016699608495479,-28.756774471652122,21498,21498,,
487,205.0,196.1,,112.2,0.8445139777240822,-28.984361815221103,21704,21704,,
488,229.0,205.3,,112.2,0.8876418721416722,-29.224909508746602,21934,21934,,
489,184.0,210.6,,112.2,0.8318261591163841,-29.346261506439536,22119,22119,,
490,226.0,216.3,,112.2,0.8814308850775732,-29.68035313091447,22346,22346,,
491,339.0,229.4,,112.2,0.9433304299545638,-29.912878294552073,22686,22686,,
492,1000.0,307.1,,112.2,0.9019794303998351,-30.588216804504395,23686,23686,,
493,1000.0,389.1,,112.2,0.9750013530664146,-31.891304355621337,24686,24686,,
494,1000.0,463.7,1000.0,1000.0,1.2868020308725536,-33.24050031661987,25686,25686,,
495,1000.0,536.8,,1000.0,1.3231253591775893,-34.478331192016604,26686,26686,,
496,1000.0,618.3,,1000.0,1.4376999815553426,-35.73578917694092,27686,27686,,
497,1000.0,697.8,,1000.0,1.4602238181009888,-36.973551689147946,28686,28686,,
498,1000.0,774.9,,1000.0,1.5596285647340118,-38.21170697021484,29686,29686,,
499,1000.0,856.5,1000.0,1000.0,1.9406488308534027,-39.518651054382325,30686,30686,,
500,1000.0,933.9,,1000.0,2.1980128664523364,-40.93395078277588,31686,31686,,
501,1000.0,1000.0,,1000.0,2.5641089475899936,-42.20025828552246,32686,32686,,
502,1000.0,1000.0,,1000.0,2.2089619465321304,-43.38227947998047,33686,33686,,
503,1000.0,1000.0,,1000.0,2.5992721733152866,-44.52114093017578,34686,34686,,
504,1000.0,1000.0,1000.0,1000.0,3.0028696190342306,-45.71446130371094,35686,35686,,
505,1000.0,1000.0,,1000.0,2.813990454792976,-46.930971466064456,36686,36686,,
506,1000.0,1000.0,,1000.0,3.146885354280472,-48.16727290344238,37686,37686,,
507,1000.0,1000.0,,1000.0,3.268621256168932,-49.29204957580566,38686,38686,,
508,1000.0,1000.0,,1000.0,3.2078140904456376,-50.30440434265137,39686,39686,,
509,1000.0,1000.0,1000.0,1000.0,4.299954668678343,-51.45351608276367,40686,40686,,
510,1000.0,1000.0,,1000.0,4.403730056084693,-52.40757035827637,41686,41686,,
511,1000.0,1000.0,,1000.0,3.6827621007189153,-53.41129016113281,42686,42686,,
512,1000.0,1000.0,,1000.0,4.344641717284918,-54.419063400268556,43686,43686,,
513,1000.0,1000.0,,1000.0,4.633157902665436,-55.45170418548584,44686,44686,,
514,1000.0,1000.0,1000.0,1000.0,4.9137391942963005,-56.40683027648926,45686,45686,,
515,1000.0,1000.0,,1000.0,5.27820390586555,-57.222896202087405,46686,46686,,
516,1000.0,1000.0,,1000.0,5.498315069690347,-58.11930638885498,47686,47686,,
517,1000.0,1000.0,,1000.0,6.551372202299535,-58.919430931091306,48686,48686,,
518,1000.0,1000.0,,1000.0,5.769900199137628,-59.79411071014404,49686,49686,,
519,1000.0,1000.0,1000.0,1000.0,6.01683205217123,-60.50200344085693,50686,50686,,
520,1000.0,1000.0,,1000.0,5.915656369067729,-61.23763806152344,51686,51686,,
521,1000.0,1000.0,,1000.0,6.30216143835336,-61.97312827301025,52686,52686,,
522,1000.0,1000.0,,1000.0,6.904180593393743,-62.57455876159668,53686,53686,,
523,1000.0,1000.0,,1000.0,6.834682687021792,-63.310104476928714,54686,54686,,
524,1000.0,1000.0,1000.0,1000.0,7.689154423594474,-63.92689694213867,55686,55686,,
525,1000.0,1000.0,,1000.0,5.656829901084304,-64.46097929382324,56686,56686,,
526,1000.0,1000.0,,1000.0,7.166710690259934,-64.97418590545654,57686,57686,,
527,1000.0,1000.0,,1000.0,7.184995735369623,-65.53527756500245,58686,58686,,
528,1000.0,1000.0,,1000.0,6.873321284607052,-66.16569073486328,59686,59686,,
529,1000.0,1000.0,1000.0,1000.0,7.361347982220352,-66.72189045715332,60686,60686,,
530,1000.0,1000.0,,1000.0,7.389175250768662,-67.23525386810303,61686,61686,,
531,1000.0,1000.0,,1000.0,7.8531113995835184,-67.85238528442383,62686,62686,,
532,744.0,974.4,,1000.0,7.484761873447655,-68.32483280376199,63431,63431,,
533,215.0,895.9,,1000.0,8.062825148131836,-68.5611036795157,63647,63647,,
534,170.0,812.9,,1000.0,8.12340269394611,-68.69873208438649,63818,63818,,
535,209.0,733.8,,1000.0,7.615126724860498,-68.52953767322359,64028,64028,,
536,228.0,656.6,,1000.0,6.672186733658657,-68.63448433254077,64257,64257,,
537,377.0,594.3,,1000.0,8.952653735580425,-68.64644364452866,64635,64635,,
538,1000.0,594.3,1000.0,1000.0,8.295855684123934,-69.08349255371094,65635,65635,,
539,1000.0,594.3,,1000.0,9.317554178677499,-69.45404759216309,66635,66635,,
540,1000.0,594.3,,1000.0,8.149186847634613,-69.91656587219238,67635,67635,,
541,1000.0,594.3,,1000.0,8.487851945906877,-70.6235577545166,68635,68635,,
542,1000.0,619.9,,1000.0,8.226962815083564,-71.16034580993653,69635,69635,,
543,1000.0,698.4,1000.0,1000.0,8.950552151441574,-71.5591127166748,70635,70635,,
544,1000.0,781.4,,1000.0,8.589554478138686,-72.14982078552246,71635,71635,,
545,1000.0,860.5,,1000.0,8.811840667583049,-72.80579508972168,72635,72635,,
546,1000.0,937.7,,1000.0,9.024624835073947,-73.3404523010254,73635,73635,,
547,1000.0,1000.0,,1000.0,8.840994417272508,-74.11932279968262,74635,74635,,
548,1000.0,1000.0,1000.0,1000.0,9.705362356886267,-74.68434545898438,75635,75635,,
549,1000.0,1000.0,,1000.0,9.985722544416785,-75.38673699951173,76635,76635,,
550,1000.0,1000.0,,1000.0,10.440057758055627,-76.01915434265136,77635,77635,,
551,1000.0,1000.0,,1000.0,11.557422048449517,-76.72979820251464,78635,78635,,
552,1000.0,1000.0,,1000.0,10.582557863503695,-77.3701170501709,79635,79635,,
553,1000.0,1000.0,1000.0,1000.0,11.603096720293165,-78.04249678039551,80635,80635,,
554,1000.0,1000.0,,1000.0,10.747092532351614,-78.4268634185791,81635,81635,,
555,1000.0,1000.0,,1000.0,12.43435471214354,-79.00730122375488,82635,82635,,
556,1000.0,1000.0,,1000.0,10.946267056293786,-79.10712162780762,83635,83635,,
557,1000.0,1000.0,,1000.0,11.037996790997685,-79.47533422851562,84635,84635,,
558,1000.0,1000.0,1000.0,1000.0,10.872671124368907,-79.58301774597167,85635,85635,,
559,1000.0,1000.0,,1000.0,13.157252995155751,-79.95087426757813,86635,86635,,
560,519.0,951.9,,1000.0,10.226708898764963,-80.49986255352314,87155,87155,,
561,184.0,870.3,,1000.0,10.696369825182733,-80.6974057736604,87340,87340,,
562,196.0,789.9,,1000.0,13.780030068104642,-80.74327364834872,87537,87537,,
563,204.0,710.3,,1000.0,10.067615523570922,-80.77306149052639,87742,87742,,
564,159.0,626.2,,1000.0,9.221894039353355,-80.68541011810302,87902,87902,,
565,146.0,540.8,,1000.0,11.571600438076622,-80.50014155619853,88049,88049,,
566,166.0,457.4,,1000.0,14.393448288613808,-80.58841061879353,88216,88216,,
567,213.0,378.7,,1000.0,11.17533028132726,-81.09573328606436,88430,88430,,
568,205.0,299.2,,1000.0,11.30320756969232,-80.8682896882585,88636,88636,,
569,230.0,222.2,,1000.0,11.250955457359682,-81.17564747251313,88867,88867,,
570,218.0,192.1,,1000.0,11.98338818744029,-80.93296862960955,89086,89086,,
571,237.0,197.4,,1000.0,10.850126368690189,-81.16988494616596,89324,89324,,
572,295.0,207.3,,1000.0,10.171836242331443,-80.98893665623021,89620,89620,,
573,289.0,215.8,,1000.0,11.127489409672803,-81.00067328091325,89910,89910,,
574,226.0,222.5,251.0,1000.0,12.68229206208353,-80.99306996663411,90137,90137,,
575,313.0,239.2,,1000.0,12.40234797922479,-81.09413195567525,90451,90451,,
576,268.0,249.4,,1000.0,12.277104018096809,-81.1930640491087,90720,90720,,
577,261.0,254.2,,1000.0,11.75198959678639,-81.15154353716902,90982,90982,,
578,242.0,257.9,,1000.0,12.72587459325913,-81.09907125254146,91225,91225,,
579,224.0,257.3,,1000.0,13.565717959602674,-80.98846244812012,91450,91450,,
580,291.0,264.6,,1000.0,9.728016370575721,-81.30795951738749,91742,91742,,
581,292.0,270.1,,1000.0,11.057386691380076,-81.2859185666454,92035,92035,,
582,316.0,272.2,,1000.0,12.822970089758233,-81.34547945819324,92352,92352,,
583,461.0,289.4,,1000.0,10.677731247094673,-81.40627777628052,92814,92814,,
584,1000.0,366.8,,1000.0,9.779484520606697,-81.85773439025878,93814,93814,,
585,1000.0,435.5,,1000.0,11.131576786629855,-82.22119163513183,94814,94814,,
586,1000.0,508.7,1000.0,1000.0,12.938343889206648,-82.65457214355469,95814,95814,,
587,1000.0,582.6,,1000.0,11.877717006526888,-83.05548490905761,96814,96814,,
588,1000.0,658.4,,1000.0,12.175840035252273,-83.30989543151856,97814,97814,,
589,1000.0,736.0,,1000.0,11.703768507912756,-83.5115869140625,98814,98814,,
590,1000.0,806.9,,1000.0,10.993870577067137,-83.82840870666504,99814,99814,,
591,1000.0,877.7,1000.0,1000.0,12.38514571416378,-84.24367683410645,100814,100814,,
